Workbook

Sheet Dashboard
B2: WVRTP Master Inspection Workbook
B3: Equipment Inspection Management Dashboard
B5: KEY METRICS
B7: Total Equipment | D7: Active Equipment | F7: Total Inspections | H7: Pass Rate
B8: =COUNTA('Equipment Registry'!B4:B100) -> 19 | D8: =COUNTIF('Equipment Registry'!I4:I100,"Active") -> 0 | F8: =COUNTA('Inspection Log'!B4:B1000) -> 5 | H8: =IFERROR(COUNTIF('Inspection Log'!E4:E1000,"Pass")/COUNTA('Inspection Log'!E4:E1000),0) -> 0
B10: Overdue Inspections | D10: Oil Leaks Reported | F10: Boiler Alerts | H10: Open Events
B11: =COUNTIF('Inspection Schedule'!I4:I100,"Overdue") -> 0 | D11: =COUNTIF('Substation Oil Check'!F5:F100,"Yes") -> 0 | F11: =COUNTIF('Boiler Water Chemistry'!B:B,"OUT OF RANGE") -> 0 | H11: =COUNTA('Event Log'!B8:B200) -> 2
B14: INSPECTIONS BY EQUIPMENT TYPE
B15: Equipment Type | C15: Count | D15: Pass | E15: Fail | F15: Pass Rate
B16: Boiler | C16: =COUNTIF('Inspection Log'!C4:C1000,B16) -> 0 | D16: =COUNTIFS('Inspection Log'!C4:C1000,B16,'Inspection Log'!E4:E1000,"Pass") -> 0 | E16: =COUNTIFS('Inspection Log'!C4:C1000,B16,'Inspection Log'!E4:E1000,"Fail") -> 0 | F16: =IFERROR(D16/C16,0) -> 0
B17: HVAC | C17: =COUNTIF('Inspection Log'!C4:C1000,B17) -> 0 | D17: =COUNTIFS('Inspection Log'!C4:C1000,B17,'Inspection Log'!E4:E1000,"Pass") -> 0 | E17: =COUNTIFS('Inspection Log'!C4:C1000,B17,'Inspection Log'!E4:E1000,"Fail") -> 0 | F17: =IFERROR(D17/C17,0) -> 0
B18: Substation | C18: =COUNTIF('Inspection Log'!C4:C1000,B18) -> 0 | D18: =COUNTIFS('Inspection Log'!C4:C1000,B18,'Inspection Log'!E4:E1000,"Pass") -> 0 | E18: =COUNTIFS('Inspection Log'!C4:C1000,B18,'Inspection Log'!E4:E1000,"Fail") -> 0 | F18: =IFERROR(D18/C18,0) -> 0
B19: Switchgear | C19: =COUNTIF('Inspection Log'!C4:C1000,B19) -> 0 | D19: =COUNTIFS('Inspection Log'!C4:C1000,B19,'Inspection Log'!E4:E1000,"Pass") -> 0 | E19: =COUNTIFS('Inspection Log'!C4:C1000,B19,'Inspection Log'!E4:E1000,"Fail") -> 0 | F19: =IFERROR(D19/C19,0) -> 0
B20: Transformer | C20: =COUNTIF('Inspection Log'!C4:C1000,B20) -> 0 | D20: =COUNTIFS('Inspection Log'!C4:C1000,B20,'Inspection Log'!E4:E1000,"Pass") -> 0 | E20: =COUNTIFS('Inspection Log'!C4:C1000,B20,'Inspection Log'!E4:E1000,"Fail") -> 0 | F20: =IFERROR(D20/C20,0) -> 0
B21: Chiller | C21: =COUNTIF('Inspection Log'!C4:C1000,B21) -> 0 | D21: =COUNTIFS('Inspection Log'!C4:C1000,B21,'Inspection Log'!E4:E1000,"Pass") -> 0 | E21: =COUNTIFS('Inspection Log'!C4:C1000,B21,'Inspection Log'!E4:E1000,"Fail") -> 0 | F21: =IFERROR(D21/C21,0) -> 0

Sheet Equipment Registry
A1: EQUIPMENT REGISTRY
A3: Equipment ID | B3: Name | C3: Type | D3: Location | E3: Building | F3: Voltage/Rating | G3: QR Code URL | H3: Status | I3: Last Inspection | J3: Next Due
A4: BOI-01 | B4: Boiler #1 | C4: Boiler | D4: Building 740 | E4: 740 | F4: Steam | H4: Active | I4: {=IFERROR(INDEX('Inspection Log'!F$4:F$1000,MATCH(A4,'Inspection Log'!B$4:B$1000,0)),"")}
A5: BOI-02 | B5: Boiler #2 | C5: Boiler | D5: Building 740 | E5: 740 | F5: Steam | H5: Active
A6: HVAC-01 | B6: HVAC Unit 1 | C6: HVAC | D6: Building 704 | E6: 704 | F6: N/A | H6: Active
A7: HVAC-02 | B7: HVAC Unit 2 | C7: HVAC | D7: Building 704 | E7: 704 | F7: N/A | H7: Active
A8: SUB-51 | B8: Substation 51 | C8: Substation | D8: Campus | E8: Ext | F8: 2.4KV / 480V | H8: Active
A9: SUB-52 | B9: Substation 52 | C9: Substation | D9: Campus | E9: Ext | F9: 2.4KV / 480V | H9: Active
A10: SUB-53 | B10: Substation 53 | C10: Substation | D10: Campus | E10: Ext | F10: 480V | H10: Active
A11: SUB-55 | B11: Substation 55 | C11: Substation | D11: Campus | E11: Ext | F11: 480V | H11: Active
A12: SUB-56 | B12: Substation 56 | C12: Substation | D12: Campus | E12: Ext | F12: 480V | H12: Active
A13: SW-B727A | B13: 740 West Feeder B727 A | C13: Switchgear | D13: Building 740 | E13: 740 | F13: 480V | H13: Active
A14: SW-B727N6 | B14: 740 West Feeder B727 N6 | C14: Switchgear | D14: Building 740 | E14: 740 | F14: 480V | H14: Active
A15: SW-2.5B | B15: SW 2.5B MCC-3 Feeder | C15: Switchgear | D15: Building 740 | E15: 740 | F15: 440V | H15: Active
A16: XFMR-CIN | B16: Cinergy Transformer | C16: Transformer | D16: Along Driveway | E16: Ext | F16: 13.8KV to 480V | H16: Active
... A22: ATC-2000 | B22: 2000 ATC | C22: Transformer | D22: ATC Building | E22: 2000 | F22: 13.8KV to 480V | H22: Active

Sheet Inspection Log
A1: INSPECTION LOG
A2: Power Automate Webhook Target — Each row maps to one form submission
A3: Equipment ID | B3: Equipment Type | C3: Inspector | D3: Result | E3: Date | F3: Latitude | G3: Longitude | H3: Address | I3: Notes | J3: Photo
A4: BOI-01 | B4: Boiler | C4: T. Brown | D4: Pass | E4: 46113 | F4: 38.3498 | G4: -81.6326 | H4: WVRTP Campus | I4: Routine daily check
A5: SUB-51 | B5: Substation | C5: M. Johnson | D5: Pass | E5: 46113 | F5: 38.3498 | G5: -81.6326 | H5: WVRTP Campus | I5: Oil levels normal
A6: BOI-02 | B6: Boiler | C6: T. Brown | D6: Fail | E6: 46114 | F6: 38.3498 | G6: -81.6326 | H6: WVRTP Campus | I6: Steam pressure low
A7: SW-B727A | B7: Switchgear | C7: M. Johnson | D7: Pass | E7: 46115 | F7: 38.3498 | G7: -81.6326 | H7: WVRTP Campus | I7: All readings normal
A8: SUB-52 | B8: Substation | C8: T. Brown | D8: Pass | E8: 46115 | F8: 38.3498 | G8: -81.6326 | H8: WVRTP Campus | I8: Weekly check complete

Sheet Boiler Water Chemistry
A1: 740 BOILERS DATA SHEET
A2: Tech Center Data Sheet
A3: Operator: | D3: Date:
A5: Parameter | B5: Acceptable Range | C5: Shift 1 | D5: Shift 2 | E5: Shift 3 | F5: Status S1 | G5: Status S2 | H5: Status S3
A6: BOILER FEEDWATER
A7: pH | B7: 8.5 - 9.5 | F7: =IF(C7="","",IF(AND(C7>=8.5,C7<=9.5),"OK","OUT OF RANGE")) | G7: =IF(D7="","",IF(AND(D7>=8.5,D7<=9.5),"OK","OUT OF RANGE")) | H7: =IF(E7="","",IF(AND(E7>=8.5,E7<=9.5),"OK","OUT OF RANGE"))
A8: Conductivity | B8: Record
A9: Iron/Sulfite | B9: < 0.1 ppm | F9: =IF(C9="","",IF(AND(C9>=0,C9<=0.1),"OK","OUT OF RANGE")) | G9: =IF(D9="","",IF(AND(D9>=0,D9<=0.1),"OK","OUT OF RANGE")) | H9: =IF(E9="","",IF(AND(E9>=0,E9<=0.1),"OK","OUT OF RANGE"))
A10: Hardness | B10: < 0.1 ppm | F10: =IF(C10="","",IF(AND(C10>=0,C10<=0.1),"OK","OUT OF RANGE")) | G10: =IF(D10="","",IF(AND(D10>=0,D10<=0.1),"OK","OUT OF RANGE")) | H10: =IF(E10="","",IF(AND(E10>=0,E10<=0.1),"OK","OUT OF RANGE"))
A11: BOILER #1
A12: pH | B12: 10.0 - 12.0 | F12: =IF(C12="","",IF(AND(C12>=10,C12<=12),"OK","OUT OF RANGE")) | G12: =IF(D12="","",IF(AND(D12>=10,D12<=12),"OK","OUT OF RANGE")) | H12: =IF(E12="","",IF(AND(E12>=10,E12<=12),"OK","OUT OF RANGE"))
A13: Conductivity | B13: 3500 - 4000 | F13: =IF(C13="","",IF(AND(C13>=3500,C13<=4000),"OK","OUT OF RANGE")) | G13: =IF(D13="","",IF(AND(D13>=3500,D13<=4000),"OK","OUT OF RANGE")) | H13: =IF(E13="","",IF(AND(E13>=3500,E13<=4000),"OK","OUT OF RANGE"))
A14: P-Alkalinity | B14: Record
A15: M-Alkalinity | B15: 300 - 600 ppm | F15: =IF(C15="","",IF(AND(C15>=300,C15<=600),"OK","OUT OF RANGE")) | G15: =IF(D15="","",IF(AND(D15>=300,D15<=600),"OK","OUT OF RANGE")) | H15: =IF(E15="","",IF(AND(E15>=300,E15<=600),"OK","OUT OF RANGE"))
A16: Sulfite | B16: 15 - 35 ppm | F16: =IF(C16="","",IF(AND(C16>=15,C16<=35),"OK","OUT OF RANGE")) | G16: =IF(D16="","",IF(AND(D16>=15,D16<=35),"OK","OUT OF RANGE")) | H16: =IF(E16="","",IF(AND(E16>=15,E16<=35),"OK","OUT OF RANGE"))
A17: BOILER #2
A18: pH | B18: 10.0 - 12.0 | F18: =IF(C18="","",IF(AND(C18>=10,C18<=12),"OK","OUT OF RANGE")) | G18: =IF(D18="","",IF(AND(D18>=10,D18<=12),"OK","OUT OF RANGE")) | H18: =IF(E18="","",IF(AND(E18>=10,E18<=12),"OK","OUT OF RANGE"))
A19: Conductivity | B19: 3500 - 4000 | F19: =IF(C19="","",IF(AND(C19>=3500,C19<=4000),"OK","OUT OF RANGE")) | G19: =IF(D19="","",IF(AND(D19>=3500,D19<=4000),"OK","OUT OF RANGE")) | H19: =IF(E19="","",IF(AND(E19>=3500,E19<=4000),"OK","OUT OF RANGE"))
A20: P-Alkalinity | B20: Record
A21: M-Alkalinity | B21: 300 - 600 ppm | F21: =IF(C21="","",IF(AND(C21>=300,C21<=600),"OK","OUT OF RANGE")) | G21: =IF(D21="","",IF(AND(D21>=300,D21<=600),"OK","OUT OF RANGE")) | H21: =IF(E21="","",IF(AND(E21>=300,E21<=600),"OK","OUT OF RANGE"))
A22: Sulfite | B22: 15 - 35 ppm | F22: =IF(C22="","",IF(AND(C22>=15,C22<=35),"OK","OUT OF RANGE")) | G22: =IF(D22="","",IF(AND(D22>=15,D22<=35),"OK","OUT OF RANGE")) | H22: =IF(E22="","",IF(AND(E22>=15,E22<=35),"OK","OUT OF RANGE"))
A23: CHEMICAL INVENTORY
A24: Chemical | B24: Frequency | C24: Current Level | D24: Reorder Point | E24: Status
A25: Optisperse | B25: Weekly
A26: Steamate | B26: Weekly

Sheet Boiler Daily Ops
A1: WVRTP B-740 BOILERS CHECK LIST
A2: Boiler Operator: | C2: Date/Time:
A4: Check Item | B4: Acceptable Range | C4: Readings Days | D4: Readings Nights | E4: Status | F4: Notes
A5: City Water Meter
A6: City Water Meter Weekly
A7: East Water Softener Status
A8: West Softener North Status
A9: Feed Water Tank Level
A10: Feed Water Tank Temp
A11: #1 Boiler Feed Water Pump Status & PSI
A12: #2 Boiler Feed Water Pump Status & PSI
A13: #1 Boiler Status & Steam Pressure
A14: #2 Boiler Status & Steam Pressure

Sheet 704 Daily Log
A1: 704 MASTER LOGSHEET
A2: Date: | C2: Night Operator: | F2: Day Operator:
A4: Time | B4: Fire H2O | C4: Upper Level Air | D4: Lower Level Air | E4: Inst. Air | F4: Out. Air Temp | G4: Gas Line Pressure | H4: Notes
A5: 0:00 AM
A6: 1:00 AM
A7: 2:00 AM
A8: 3:00 AM
A9: 4:00 AM
A10: 5:00 AM
A11: 6:00 AM
A12: 7:00 AM
A13: 8:00 AM
A14: 9:00 AM
A15: 10:00 AM
A16: 11:00 AM
... A28: 23:00 PM

Sheet Substation Weekly
A1: SUBSTATION WEEKLY CHECKLIST
A2: Page 6 of 7 — WVRTP Procedures — Weekly Checklist
A3: Date: | C3: Inspected By:
A5: Check Item | B5: Measurement | C5: SUB-51 | D5: SUB-52 | E5: Status | F5: Notes
A6: Lighting | B6: ON/OFF | C6: ON
A7: Ventilation Fan | B7: ON/OFF
A8: Batteries - Voltage | B8: Volts
A9: Batteries - Amps | B9: Amps
A10: Unit 2 Incoming 13.8KV at Sub-51 - Voltage | B10: Volts
A11: Unit 2 Incoming 13.8KV at Sub-51 - Amps | B11: Amps
A12: 13.8KV Incoming at Sub-52 - Voltage | B12: Volts
A13: 13.8KV Incoming at Sub-52 - Amps | B13: Amps
A14: 480V Westinghouse - Voltage | B14: Volts
A15: 480V Westinghouse - Amps | B15: Amps
A16: 480V Westinghouse - Ground Lights | B16: Status
A17: 2400V Westinghouse - Voltage | B17: Volts
A18: 2400V Westinghouse - Amps | B18: Amps
... A20: Substation Oil Levels | B20: Level

Sheet Substation Oil Check
A1: SUBSTATION / TRANSFORMER OIL CHECK
A2: Page 7 of 7 — WVRTP Procedures — Weekly Checklist
A3: Date:
A4: Substation/Transformer | B4: Voltage/Description | C4: Schedule | D4: Oil Level | E4: Oil Leaks (Y/N) | F4: Initials | G4: Check Date/Time | H4: Notes
A5: SUB 51 | B5: 2.4 KV | C5: 1/shift
A6: SUB 51 | B6: 480V | C6: 1/shift
A7: SUB 52 | B7: 2.4 KV | C7: 1/shift
A8: SUB 52 | B8: 480V South | C8: 1/shift
A9: SUB 52 | B9: 480V Center | C9: 1/shift
A10: SUB 53 | B10: 480V North | C10: 1/shift
A11: SUB 53 | B11: 480V West | C11: 1/shift
A12: SUB 53 | B12: 480V East | C12: 1/shift
A13: SUB 55 | B13: 480V Spare | C13: 1/shift
A14: SUB 55 | B14: 480V West | C14: 1/shift
A15: SUB 55 | B15: 480V Center | C15: 1/shift
A16: SUB 55 | B16: 480V Semi-Works | C16: 1/shift
... A25: 2000 ATC | B25: 13.8KV to 480V | C25: 1/shift
B26: 13.8KV to 480V LEAK CHECK OIL ONLY

Sheet Ops Weekly Checklist
A1: WVRTP OPERATIONS WEEKLY CHECKLIST
A2: Core Areas and Equipment (B1-709) / 704 Checkpoints
A3: Date: | C3: Initials:
A5: Item # | B5: Check Item | C5: Status | D5: Comments | E5: Initials | F5: Date
A6: CORE AREAS AND EQUIPMENT (B1-709)
A7: 1 | B7: Asbestos insulation — OK or needs repairs | C7: OK
A8: 2 | B8: Door and windows closed and in good condition
A9: 3 | B9: Pump discharge / firewater makeup 704
A10: 4 | B10: Carseals visible and unbroken
A11: 5 | B11: Housekeeping in the boiler house
A12: 704 CHECKPOINTS
A13: 5a | B13: Carseals — check that carseals are visible and unbroken
A14: 5b | B14: Valve under relief valve on discharge line downstream of after cooler on plant air
A15: 5c | B15: Reducing station to lower level
A16: 5d | B16: Valves under relief valves on north and south prefilters on plant air dryer
A17: OTHER AREAS AND EQUIPMENT
A18: 6 | B18: Other areas and equipment inspection
A19: 7 | B19: General campus housekeeping

Sheet Inspection Schedule
A1: INSPECTION SCHEDULE
A3: Equipment ID | B3: Inspection Type | C3: Frequency | D3: Due By | E3: Last Completed | F3: Next Due | G3: Owner | H3: Status | I3: Days Until Due
A4: BOI-01 | B4: Boiler Daily Operations | C4: Daily | D4: End of Day | G4: Team A | H4: =IF(F4="","No Data",IF(F4<TODAY(),"Overdue","On Track")) -> No Data | I4: =IF(F4="","",F4-TODAY())
A5: BOI-01 | B5: Boiler Water Chemistry | C5: Daily | D5: End of Day | G5: Team A | H5: =IF(F5="","No Data",IF(F5<TODAY(),"Overdue","On Track")) -> No Data | I5: =IF(F5="","",F5-TODAY())
A6: BOI-02 | B6: Boiler Daily Operations | C6: Daily | D6: End of Day | G6: Team A | H6: =IF(F6="","No Data",IF(F6<TODAY(),"Overdue","On Track")) -> No Data | I6: =IF(F6="","",F6-TODAY())
A7: BOI-02 | B7: Boiler Water Chemistry | C7: Daily | D7: End of Day | G7: Team A | H7: =IF(F7="","No Data",IF(F7<TODAY(),"Overdue","On Track")) -> No Data | I7: =IF(F7="","",F7-TODAY())
A8: HVAC-01 | B8: HVAC Inspection | C8: Weekly | D8: End of Week | G8: Team B | H8: =IF(F8="","No Data",IF(F8<TODAY(),"Overdue","On Track")) -> No Data | I8: =IF(F8="","",F8-TODAY())
A9: HVAC-02 | B9: HVAC Inspection | C9: Weekly | D9: End of Week | G9: Team B | H9: =IF(F9="","No Data",IF(F9<TODAY(),"Overdue","On Track")) -> No Data | I9: =IF(F9="","",F9-TODAY())
A10: SUB-51 | B10: Substation Weekly Check | C10: Weekly | D10: End of Week | G10: Team A | H10: =IF(F10="","No Data",IF(F10<TODAY(),"Overdue","On Track")) -> No Data | I10: =IF(F10="","",F10-TODAY())
A11: SUB-52 | B11: Substation Weekly Check | C11: Weekly | D11: End of Week | G11: Team A | H11: =IF(F11="","No Data",IF(F11<TODAY(),"Overdue","On Track")) -> No Data | I11: =IF(F11="","",F11-TODAY())
A12: SUB-51 | B12: Oil Level Check | C12: Per Shift | D12: End of Shift | G12: On Duty | H12: =IF(F12="","No Data",IF(F12<TODAY(),"Overdue","On Track")) -> No Data | I12: =IF(F12="","",F12-TODAY())
A13: SUB-52 | B13: Oil Level Check | C13: Per Shift | D13: End of Shift | G13: On Duty | H13: =IF(F13="","No Data",IF(F13<TODAY(),"Overdue","On Track")) -> No Data | I13: =IF(F13="","",F13-TODAY())
A14: SW-B727A | B14: Switchgear Inspection | C14: Monthly | D14: End of Month | G14: Team A | H14: =IF(F14="","No Data",IF(F14<TODAY(),"Overdue","On Track")) -> No Data | I14: =IF(F14="","",F14-TODAY())
A15: XFMR-740 | B15: Transformer Oil Check | C15: Per Shift | D15: End of Shift | G15: On Duty | H15: =IF(F15="","No Data",IF(F15<TODAY(),"Overdue","On Track")) -> No Data | I15: =IF(F15="","",F15-TODAY())
... A18: CHL-N | B18: Chiller Oil Check | C18: Per Shift | D18: End of Shift | G18: On Duty | H18: =IF(F18="","No Data",IF(F18<TODAY(),"Overdue","On Track")) -> No Data | I18: =IF(F18="","",F18-TODAY())

Sheet 740 Feeders Ref
A1: 740 FEEDERS REFERENCE
A2: Switchgear Lineup — Source: IMG_0112.jpg
A4: Feeder ID | B4: Feeder Name | C4: Voltage | D4: Feeds | E4: MCC | F4: Location | G4: Status | H4: Notes
A5: B727-A | B5: 740 WEST FEEDER B727 A | C5: 480V | D5: MCC-3 | E5: MCC-3 | F5: 740 Switchgear West | G5: Active | H5: Main west feeder
A6: B727-N6 | B6: 740 WEST FEEDER B727 N6 | C6: 480V | D6: MCC-3 | E6: MCC-3 | F6: 740 Switchgear West | G6: Active | H6: Neutral feeder
A7: SW-2.4B | B7: SW 2.4B 440V | C7: 440V | D7: Textile Fibers Annex B-727 Panel PP-5 | F7: 740 Switchgear | G7: Active
A8: SW-2.5B | B8: SW 2.5B 440V | C8: 440V | D8: MCC-3, S. Fan RM. B-740 | E8: MCC-3 | F8: 740 Switchgear | G8: Active | H8: Feeds South Fan Room
A9: SW-2.3B | B9: SW 2.3B | C9: 440V | D9: Fed from #2 W. Trans. | F9: 740 Switchgear | G9: Active
A10: SPARE-1 | B10: SPARE | C10: 480V | F10: 740 Switchgear West | G10: Spare | H10: Available for future use
A11: SPARE-2 | B11: SPARE | C11: 480V | F11: 740 Switchgear East | G11: Spare | H11: Available for future use

Sheet Event Log
A1: EVENT LOG
A2: 740 Switchgear Event Tracking
A4: Event Codes: CH=Close/Connect Hand, SH=Switch Hand, SD=Shutdown, ST=Start
A6: Event ID | B6: Date | C6: Time | D6: Feeder ID | E6: Equipment | F6: Event Code | G6: Event Description | H6: Operator | I6: Comments
A7: EVT-20260401-001 | B7: 46113 | C7: 10:45 | D7: SW-2.5B | E7: 740 Switchgear - SW 2.5B | F7: SD | G7: Shutdown | H7: T. Brown
A8: EVT-20260401-002 | B8: 46113 | C8: 18:00 | D8: SW-2.5B | E8: 740 Switchgear - SW 2.5B | F8: ST | G8: Start | H8: M. Johnson
A9: EVT-20260403-003 | B9: 46115 | C9: 08:30 | D9: B727-A | E9: 740 Switchgear - B727 A | F9: SH | G9: Switch Hand | H9: M. Johnson | I9: Routine switch hand

Sheet Transcription Notes
A1: TRANSCRIPTION NOTES
A2: Uncertain text from photographed forms requiring review
A4: Source Image | B4: Sheet/Tab | C4: Row/Location | D4: Original Text (Best Effort) | E4: Confidence | F4: Needs Review? | G4: Reviewer Notes | H4: Resolved Value
A5: IMG_0109.jpg | B5: Boiler Water Chemistry | C5: Boiler #2 Sulfite | D5: Value partially obscured | E5: Low | F5: Yes
A6: IMG_0110.jpg | B6: Event Log | C6: Multiple entries | D6: Handwritten log entries | E6: Medium | F6: Yes | G6: Best-effort transcription
A7: IMG_0111.jpg | B7: Event Log | C7: Multiple entries | D7: Handwritten log continuation | E7: Medium | F7: Yes | G7: Best-effort transcription
A8: Weekly Checklist photos | B8: Ops Weekly Checklist | C8: Pages 2-3 | D8: Highlighted items partially obscured | E8: Low | F8: Yes | G8: Text angled and highlighted

Sheet Revision History
A1: REVISION HISTORY
A3: Revision | B3: Date | C3: Author | D3: Description | E3: Affected Sheets | F3: Status
A4: 1.0 | B4: 7/12/2022 | C4: Jackson | D4: Added Initial and date space on front page | E4: Weekly Checklist | F4: Released
A5: 2.0 | B5: 4/11/2025 | C5: Nexus Team | D5: Initial workbook creation from consolidation plan | E5: All | F5: Released
A6: 2.1 | B6: 4/11/2025 | C6: Nexus Team | D6: Added 740 Feeders Reference, Event Log, Transcription Notes | E6: 740 Feeders Ref, Event Log, Transcription Notes | F6: Released
A7: 3.0 | B7: 4/11/2026 | C7: Manus | D7: Complete rebuild: 14-sheet master workbook with full data validation, conditional formatting, formulas, and all paper forms digitized | E7: All | F7: Released
